{"cameraMode":{"drawMode":0,"name":"Shaded","section":"Shading Mode"},"sceneLighting":true,"audioPlay":false,"sceneViewState":{"showFog":true,"showMaterialUpdate":false,"showSkybox":true,"showFlares":true,"showImageEffects":true,"showParticleSystems":true},"in2DMode":false,"pivot":{"x":-13.235559463500977,"y":7.558040142059326,"z":-2.3738369941711427},"rotation":{"x":0.03630749136209488,"y":0.5742072463035584,"z":-0.025526678189635278,"w":0.8175276517868042},"size":-13.9467191696167,"orthographic":false}