{"cameraMode":{"drawMode":0,"name":"Shaded","section":"Shading Mode"},"sceneLighting":true,"audioPlay":false,"sceneViewState":{"showFog":true,"showMaterialUpdate":false,"showSkybox":true,"showFlares":true,"showImageEffects":true,"showParticleSystems":true},"in2DMode":false,"pivot":{"x":-2.360481023788452,"y":9.097061157226563,"z":-9.516304016113282},"rotation":{"x":-0.0035503332037478687,"y":0.9861948490142822,"z":-0.16421498358249665,"w":-0.021305711939930917},"size":1.8196046352386475,"orthographic":false}