{"cameraMode":{"drawMode":0,"name":"Shaded","section":"Shading Mode"},"sceneLighting":true,"audioPlay":false,"sceneViewState":{"showFog":true,"showMaterialUpdate":false,"showSkybox":true,"showFlares":true,"showImageEffects":true,"showParticleSystems":true},"in2DMode":false,"pivot":{"x":-3.963592767715454,"y":8.587404251098633,"z":-3.6802608966827394},"rotation":{"x":-0.30059516429901125,"y":-0.6693737506866455,"z":0.5863734483718872,"w":-0.34314343333244326},"size":9.17924690246582,"orthographic":false}